"year","rep","age_group","sex","race","cause","cycle","trend"
1968,1,"adults","female","black","assault",0.00104421,1.36663
1969,1,"adults","female","black","assault",-0.00986223,1.37908
1970,0,"adults","female","black","assault",-0.0161612,1.39171
1971,0,"adults","female","black","assault",0.0155562,1.40309
1972,0,"adults","female","black","assault",-0.00902682,1.40923
1973,0,"adults","female","black","assault",0.02547,1.40862
1974,0,"adults","female","black","assault",0.0213638,1.39831
1975,0,"adults","female","black","assault",0.0078289,1.37943
1976,0,"adults","female","black","assault",-0.0159852,1.3565
1977,0,"adults","female","black","assault",-0.0284928,1.33534
1978,1,"adults","female","black","assault",-0.0221457,1.31917
1979,1,"adults","female","black","assault",0.0106687,1.30668
1980,1,"adults","female","black","assault",0.0369914,1.29299
1981,1,"adults","female","black","assault",0.0135387,1.27495
1982,0,"adults","female","black","assault",-0.00528324,1.25532
1983,0,"adults","female","black","assault",-0.0100087,1.23902
1984,0,"adults","female","black","assault",-0.0247966,1.23014
1985,0,"adults","female","black","assault",-0.0195784,1.23115
1986,0,"adults","female","black","assault",0.00115097,1.24057
1987,0,"adults","female","black","assault",0.0123017,1.25377
1988,0,"adults","female","black","assault",0.0148323,1.26632
1989,0,"adults","female","black","assault",-0.0153366,1.27575
1990,0,"adults","female","black","assault",-0.00972183,1.28197
1991,0,"adults","female","black","assault",0.0231996,1.28243
1992,0,"adults","female","black","assault",0.000836258,1.27301
1993,0,"adults","female","black","assault",0.0183305,1.25334
1994,1,"adults","female","black","assault",0.0176985,1.22315
1995,1,"adults","female","black","assault",-0.0124502,1.18511
1996,1,"adults","female","black","assault",-0.00595755,1.14474
1997,1,"adults","female","black","assault",-0.00244594,1.10554
1998,1,"adults","female","black","assault",-0.00478648,1.07008
1999,1,"adults","female","black","assault",-0.0149003,1.04052
2000,1,"adults","female","black","assault",-0.0129257,1.01827
2001,1,"adults","female","black","assault",0.0018037,1.00235
2002,0,"adults","female","black","assault",0.0178877,0.989715
2003,0,"adults","female","black","assault",0.00177593,0.977596
2004,0,"adults","female","black","assault",-0.0213668,0.966099
2005,0,"adults","female","black","assault",-0.00256316,0.95561
2006,0,"adults","female","black","assault",0.0337979,0.943097
2007,0,"adults","female","black","assault",0.0233298,0.925116
2008,0,"adults","female","black","assault",-0.0240037,0.903635
2009,0,"adults","female","black","assault",-0.00530667,0.884349
2010,1,"adults","female","black","assault",-0.0221247,0.869116
2011,1,"adults","female","black","assault",-0.00319638,0.858944
2012,1,"adults","female","black","assault",0.00897379,0.851303
2013,1,"adults","female","black","assault",0.0233035,0.843147
2014,1,"adults","female","black","assault",-0.0132571,0.83287
1968,1,"adults","female","black","intentional_self_harm",-0.033572,0.606458
1969,1,"adults","female","black","intentional_self_harm",0.0153547,0.637475
1970,0,"adults","female","black","intentional_self_harm",-0.00455249,0.66312
1971,0,"adults","female","black","intentional_self_harm",0.0453974,0.680479
1972,0,"adults","female","black","intentional_self_harm",0.0317126,0.685909
1973,0,"adults","female","black","intentional_self_harm",-0.0371377,0.683029
1974,0,"adults","female","black","intentional_self_harm",-0.0426615,0.680535
1975,0,"adults","female","black","intentional_self_harm",-0.0074523,0.681179
1976,0,"adults","female","black","intentional_self_harm",0.00762287,0.680887
1977,0,"adults","female","black","intentional_self_harm",0.0368521,0.674393
1978,1,"adults","female","black","intentional_self_harm",0.0114363,0.657652
1979,1,"adults","female","black","intentional_self_harm",0.0141644,0.632513
1980,1,"adults","female","black","intentional_self_harm",-0.0281064,0.602656
1981,1,"adults","female","black","intentional_self_harm",0.00702654,0.574028
1982,0,"adults","female","black","intentional_self_harm",-0.000601558,0.548078
1983,0,"adults","female","black","intentional_self_harm",-0.0218365,0.52738
1984,0,"adults","female","black","intentional_self_harm",0.0112022,0.51441
1985,0,"adults","female","black","intentional_self_harm",-0.0199443,0.508152
1986,0,"adults","female","black","intentional_self_harm",-0.00719419,0.509382
1987,0,"adults","female","black","intentional_self_harm",-0.0268366,0.515685
1988,0,"adults","female","black","intentional_self_harm",0.0310553,0.523493
1989,0,"adults","female","black","intentional_self_harm",0.0346755,0.524948
1990,0,"adults","female","black","intentional_self_harm",0.0278019,0.517156
1991,0,"adults","female","black","intentional_self_harm",-0.0435583,0.502776
1992,0,"adults","female","black","intentional_self_harm",-0.00437679,0.488912
1993,0,"adults","female","black","intentional_self_harm",0.00347326,0.475699
1994,1,"adults","female","black","intentional_self_harm",-0.005056,0.462573
1995,1,"adults","female","black","intentional_self_harm",0.0124981,0.449525
1996,1,"adults","female","black","intentional_self_harm",0.0137561,0.435738
1997,1,"adults","female","black","intentional_self_harm",-0.0145544,0.422392
1998,1,"adults","female","black","intentional_self_harm",-0.00139289,0.412871
1999,1,"adults","female","black","intentional_self_harm",-0.0344769,0.408229
2000,1,"adults","female","black","intentional_self_harm",0.0244473,0.409297
2001,1,"adults","female","black","intentional_self_harm",0.00375397,0.41139
2002,0,"adults","female","black","intentional_self_harm",-0.0288413,0.413734
2003,0,"adults","female","black","intentional_self_harm",0.0342895,0.416157
2004,0,"adults","female","black","intentional_self_harm",0.0280477,0.41387
2005,0,"adults","female","black","intentional_self_harm",0.0212699,0.407574
2006,0,"adults","female","black","intentional_self_harm",-0.0773778,0.402454
2007,0,"adults","female","black","intentional_self_harm",0.0146717,0.4071
2008,0,"adults","female","black","intentional_self_harm",-0.0198193,0.417721
2009,0,"adults","female","black","intentional_self_harm",0.0215258,0.432874
2010,1,"adults","female","black","intentional_self_harm",0.00232345,0.447944
2011,1,"adults","female","black","intentional_self_harm",-0.00840791,0.461761
2012,1,"adults","female","black","intentional_self_harm",0.0320948,0.473527
2013,1,"adults","female","black","intentional_self_harm",-0.0111711,0.481098
2014,1,"adults","female","black","intentional_self_harm",-0.00752481,0.487464
1968,1,"adults","female","black","vehicle",-0.0157561,1.20893
1969,1,"adults","female","black","vehicle",-0.00608341,1.20327
1970,0,"adults","female","black","vehicle",-0.0118844,1.19509
1971,0,"adults","female","black","vehicle",0.030661,1.18089
1972,0,"adults","female","black","vehicle",0.0252835,1.15529
1973,0,"adults","female","black","vehicle",0.0655264,1.11778
1974,0,"adults","female","black","vehicle",-0.0575282,1.07193
1975,0,"adults","female","black","vehicle",-0.0361405,1.03177
1976,0,"adults","female","black","vehicle",-0.0102906,1.00214
1977,0,"adults","female","black","vehicle",-0.0251746,0.982094
1978,1,"adults","female","black","vehicle",0.0403968,0.969033
1979,1,"adults","female","black","vehicle",0.00364844,0.956337
1980,1,"adults","female","black","vehicle",0.0322159,0.943848
1981,1,"adults","female","black","vehicle",-0.0154077,0.931991
1982,0,"adults","female","black","vehicle",-0.0205243,0.926347
1983,0,"adults","female","black","vehicle",-0.018859,0.930029
1984,0,"adults","female","black","vehicle",-0.0107163,0.942869
1985,0,"adults","female","black","vehicle",0.00685418,0.96168
1986,0,"adults","female","black","vehicle",0.00079298,0.98156
1987,0,"adults","female","black","vehicle",0.0107878,0.998706
1988,0,"adults","female","black","vehicle",0.0164449,1.00944
1989,0,"adults","female","black","vehicle",0.0264598,1.01181
1990,0,"adults","female","black","vehicle",-0.00133937,1.00649
1991,0,"adults","female","black","vehicle",-0.00954983,0.998401
1992,0,"adults","female","black","vehicle",-0.020522,0.992239
1993,0,"adults","female","black","vehicle",-0.0205326,0.991175
1994,1,"adults","female","black","vehicle",0.0153314,0.995096
1995,1,"adults","female","black","vehicle",-0.00849532,1.0006
1996,1,"adults","female","black","vehicle",0.00685542,1.00675
1997,1,"adults","female","black","vehicle",0.0140864,1.01124
1998,1,"adults","female","black","vehicle",-0.00888464,1.01286
1999,1,"adults","female","black","vehicle",-0.00393704,1.01265
2000,1,"adults","female","black","vehicle",0.00969807,1.01025
2001,1,"adults","female","black","vehicle",-0.000484044,1.00464
2002,0,"adults","female","black","vehicle",0.00216715,0.996379
2003,0,"adults","female","black","vehicle",-0.00988863,0.985929
2004,0,"adults","female","black","vehicle",0.0095568,0.974108
2005,0,"adults","female","black","vehicle",-0.0140997,0.960149
2006,0,"adults","female","black","vehicle",0.0250388,0.944817
2007,0,"adults","female","black","vehicle",-0.00250147,0.926617
2008,0,"adults","female","black","vehicle",0.00305655,0.908063
2009,0,"adults","female","black","vehicle",-0.0116566,0.891267
2010,1,"adults","female","black","vehicle",-0.00583491,0.878833
2011,1,"adults","female","black","vehicle",-0.0253066,0.871496
2012,1,"adults","female","black","vehicle",0.0154596,0.86906
2013,1,"adults","female","black","vehicle",0.0180563,0.867279
2014,1,"adults","female","black","vehicle",-0.00698023,0.864382
1968,1,"adults","female","white","assault",0.00271583,0.424864
1969,1,"adults","female","white","assault",-0.00768483,0.448879
1970,0,"adults","female","white","assault",0.0072587,0.473327
1971,0,"adults","female","white","assault",-0.0122495,0.497416
1972,0,"adults","female","white","assault",-0.0233123,0.52151
1973,0,"adults","female","white","assault",0.0291445,0.544016
1974,0,"adults","female","white","assault",0.0223646,0.559611
1975,0,"adults","female","white","assault",0.0224221,0.567635
1976,0,"adults","female","white","assault",-0.0421224,0.571004
1977,0,"adults","female","white","assault",-0.00149913,0.576226
1978,1,"adults","female","white","assault",-0.0130921,0.583065
1979,1,"adults","female","white","assault",-0.00342522,0.591048
1980,1,"adults","female","white","assault",0.021769,0.597605
1981,1,"adults","female","white","assault",0.00694237,0.599621
1982,0,"adults","female","white","assault",0.0158853,0.597461
1983,0,"adults","female","white","assault",-0.0205441,0.592602
1984,0,"adults","female","white","assault",-0.0154717,0.589064
1985,0,"adults","female","white","assault",0.000493722,0.587577
1986,0,"adults","female","white","assault",0.00994635,0.586399
1987,0,"adults","female","white","assault",0.0126025,0.583864
1988,0,"adults","female","white","assault",-0.00575822,0.579898
1989,0,"adults","female","white","assault",-0.0159498,0.576446
1990,0,"adults","female","white","assault",-0.0117831,0.574528
1991,0,"adults","female","white","assault",0.0152506,0.572614
1992,0,"adults","female","white","assault",-0.00879535,0.567289
1993,0,"adults","female","white","assault",0.0264677,0.557577
1994,1,"adults","female","white","assault",-0.00974362,0.541096
1995,1,"adults","female","white","assault",0.0220927,0.519697
1996,1,"adults","female","white","assault",-0.00476711,0.493674
1997,1,"adults","female","white","assault",-0.0144737,0.466855
1998,1,"adults","female","white","assault",0.00838308,0.442305
1999,1,"adults","female","white","assault",-0.0169249,0.420773
2000,1,"adults","female","white","assault",-0.0119815,0.40435
2001,1,"adults","female","white","assault",0.0142565,0.392418
2002,0,"adults","female","white","assault",0.00273635,0.382444
2003,0,"adults","female","white","assault",-0.000187496,0.374175
2004,0,"adults","female","white","assault",-0.00124012,0.367794
2005,0,"adults","female","white","assault",-0.00386737,0.363456
2006,0,"adults","female","white","assault",-0.0150254,0.361118
2007,0,"adults","female","white","assault",0.0176974,0.360117
2008,0,"adults","female","white","assault",0.00541529,0.357386
2009,0,"adults","female","white","assault",0.000322294,0.352689
2010,1,"adults","female","white","assault",-0.00642367,0.34666
2011,1,"adults","female","white","assault",-0.00233587,0.339979
2012,1,"adults","female","white","assault",0.0100492,0.332302
2013,1,"adults","female","white","assault",-0.000400819,0.322912
2014,1,"adults","female","white","assault",-0.00515692,0.312696
1968,1,"adults","female","white","intentional_self_harm",-0.0102061,0.999797
1969,1,"adults","female","white","intentional_self_harm",-0.00285888,1.01055
1970,0,"adults","female","white","intentional_self_harm",0.00876954,1.01966
1971,0,"adults","female","white","intentional_self_harm",0.0130507,1.02506
1972,0,"adults","female","white","intentional_self_harm",0.00165301,1.02604
1973,0,"adults","female","white","intentional_self_harm",-0.0162553,1.02401
1974,0,"adults","female","white","intentional_self_harm",-0.00279287,1.02064
1975,0,"adults","female","white","intentional_self_harm",0.00864318,1.01499
1976,0,"adults","female","white","intentional_self_harm",-0.00530451,1.00567
1977,0,"adults","female","white","intentional_self_harm",0.0210077,0.992697
1978,1,"adults","female","white","intentional_self_harm",0.000915174,0.975211
1979,1,"adults","female","white","intentional_self_harm",-0.00335606,0.955728
1980,1,"adults","female","white","intentional_self_harm",-0.0251339,0.936907
1981,1,"adults","female","white","intentional_self_harm",0.0108137,0.92087
1982,0,"adults","female","white","intentional_self_harm",0.00522306,0.90572
1983,0,"adults","female","white","intentional_self_harm",-0.00545979,0.891287
1984,0,"adults","female","white","intentional_self_harm",0.00339271,0.878238
1985,0,"adults","female","white","intentional_self_harm",-0.0152598,0.866367
1986,0,"adults","female","white","intentional_self_harm",0.0127679,0.856009
1987,0,"adults","female","white","intentional_self_harm",0.0106324,0.84506
1988,0,"adults","female","white","intentional_self_harm",-0.00246504,0.833456
1989,0,"adults","female","white","intentional_self_harm",-0.00843055,0.822837
1990,0,"adults","female","white","intentional_self_harm",-0.00213874,0.814447
1991,0,"adults","female","white","intentional_self_harm",0.00523398,0.808181
1992,0,"adults","female","white","intentional_self_harm",-0.00484477,0.803592
1993,0,"adults","female","white","intentional_self_harm",0.00122141,0.801071
1994,1,"adults","female","white","intentional_self_harm",0.00432194,0.800234
1995,1,"adults","female","white","intentional_self_harm",-0.00175021,0.800891
1996,1,"adults","female","white","intentional_self_harm",-0.00483857,0.803544
1997,1,"adults","female","white","intentional_self_harm",0.0067234,0.808417
1998,1,"adults","female","white","intentional_self_harm",-0.00336006,0.814957
1999,1,"adults","female","white","intentional_self_harm",0.00350313,0.823688
2000,1,"adults","female","white","intentional_self_harm",-0.0107455,0.834597
2001,1,"adults","female","white","intentional_self_harm",-0.00420683,0.84823
2002,0,"adults","female","white","intentional_self_harm",0.011969,0.863415
2003,0,"adults","female","white","intentional_self_harm",-0.00754344,0.878307
2004,0,"adults","female","white","intentional_self_harm",0.014942,0.892974
2005,0,"adults","female","white","intentional_self_harm",-0.00748184,0.906279
2006,0,"adults","female","white","intentional_self_harm",-0.0025997,0.919477
2007,0,"adults","female","white","intentional_self_harm",0.00155786,0.932622
2008,0,"adults","female","white","intentional_self_harm",0.00731635,0.945355
2009,0,"adults","female","white","intentional_self_harm",-0.00382688,0.957566
2010,1,"adults","female","white","intentional_self_harm",-0.00974689,0.970314
2011,1,"adults","female","white","intentional_self_harm",0.0082385,0.984048
2012,1,"adults","female","white","intentional_self_harm",0.00108825,0.997656
2013,1,"adults","female","white","intentional_self_harm",-0.00525845,1.01134
2014,1,"adults","female","white","intentional_self_harm",0.00287985,1.02549
1968,1,"adults","female","white","vehicle",-0.016823,1.16526
1969,1,"adults","female","white","vehicle",0.0040241,1.15945
1970,0,"adults","female","white","vehicle",0.00819297,1.15094
1971,0,"adults","female","white","vehicle",0.0036482,1.13769
1972,0,"adults","female","white","vehicle",0.0369766,1.11897
1973,0,"adults","female","white","vehicle",0.0312836,1.09462
1974,0,"adults","female","white","vehicle",-0.0543298,1.0704
1975,0,"adults","female","white","vehicle",-0.035858,1.05708
1976,0,"adults","female","white","vehicle",-0.0222366,1.05674
1977,0,"adults","female","white","vehicle",0.00650725,1.06572
1978,1,"adults","female","white","vehicle",0.0191818,1.07679
1979,1,"adults","female","white","vehicle",0.0178444,1.08378
1980,1,"adults","female","white","vehicle",0.0238701,1.08358
1981,1,"adults","female","white","vehicle",0.0178595,1.07593
1982,0,"adults","female","white","vehicle",-0.0279682,1.06441
1983,0,"adults","female","white","vehicle",-0.021096,1.05542
1984,0,"adults","female","white","vehicle",0.00540582,1.05092
1985,0,"adults","female","white","vehicle",-0.00885527,1.04949
1986,0,"adults","female","white","vehicle",-0.0115291,1.05055
1987,0,"adults","female","white","vehicle",0.00996129,1.05214
1988,0,"adults","female","white","vehicle",0.0121363,1.05042
1989,0,"adults","female","white","vehicle",0.0164254,1.04316
1990,0,"adults","female","white","vehicle",0.015589,1.03009
1991,0,"adults","female","white","vehicle",-0.00508493,1.01352
1992,0,"adults","female","white","vehicle",-0.0225309,0.99831
1993,0,"adults","female","white","vehicle",-0.0128245,0.988466
1994,1,"adults","female","white","vehicle",-0.0038017,0.984407
1995,1,"adults","female","white","vehicle",0.00433971,0.984496
1996,1,"adults","female","white","vehicle",0.0130547,0.986488
1997,1,"adults","female","white","vehicle",-0.000848228,0.988832
1998,1,"adults","female","white","vehicle",-0.00967458,0.992066
1999,1,"adults","female","white","vehicle",0.00598841,0.996592
2000,1,"adults","female","white","vehicle",-0.00353797,1.00127
2001,1,"adults","female","white","vehicle",-0.00500959,1.0059
2002,0,"adults","female","white","vehicle",0.00202262,1.00974
2003,0,"adults","female","white","vehicle",0.000101233,1.01123
2004,0,"adults","female","white","vehicle",0.00167521,1.00914
2005,0,"adults","female","white","vehicle",0.00314363,1.00225
2006,0,"adults","female","white","vehicle",0.0203807,0.989622
2007,0,"adults","female","white","vehicle",0.00868651,0.970806
2008,0,"adults","female","white","vehicle",0.000461498,0.948619
2009,0,"adults","female","white","vehicle",-0.0266362,0.927268
2010,1,"adults","female","white","vehicle",-0.00973848,0.911034
2011,1,"adults","female","white","vehicle",-0.00503438,0.899934
2012,1,"adults","female","white","vehicle",0.0101592,0.89243
2013,1,"adults","female","white","vehicle",0.00118047,0.886177
2014,1,"adults","female","white","vehicle",0.00331705,0.880454
1968,1,"adults","male","black","assault",-0.0100721,2.09547
1969,1,"adults","male","black","assault",-0.00939046,2.11579
1970,0,"adults","male","black","assault",-0.0115698,2.13449
1971,0,"adults","male","black","assault",0.0176588,2.14848
1972,0,"adults","male","black","assault",0.0322766,2.15277
1973,0,"adults","male","black","assault",-0.00325759,2.14523
1974,0,"adults","male","black","assault",0.0159064,2.12888
1975,0,"adults","male","black","assault",0.0103929,2.10623
1976,0,"adults","male","black","assault",-0.0292542,2.08233
1977,0,"adults","male","black","assault",-0.0331338,2.06389
1978,1,"adults","male","black","assault",-0.0262897,2.05293
1979,1,"adults","male","black","assault",0.0111934,2.04619
1980,1,"adults","male","black","assault",0.0414048,2.03618
1981,1,"adults","male","black","assault",0.0354359,2.01723
1982,0,"adults","male","black","assault",0.0163908,1.99028
1983,0,"adults","male","black","assault",-0.0266498,1.96192
1984,0,"adults","male","black","assault",-0.0312918,1.94139
1985,0,"adults","male","black","assault",-0.0318683,1.93366
1986,0,"adults","male","black","assault",0.0202547,1.93868
1987,0,"adults","male","black","assault",-0.0165533,1.95132
1988,0,"adults","male","black","assault",-0.00093903,1.96969
1989,0,"adults","male","black","assault",-0.00862781,1.98922
1990,0,"adults","male","black","assault",0.0196832,2.00524
1991,0,"adults","male","black","assault",0.0209127,2.01165
1992,0,"adults","male","black","assault",-0.00273666,2.00553
1993,0,"adults","male","black","assault",0.0209621,1.98731
1994,1,"adults","male","black","assault",0.0186164,1.95695
1995,1,"adults","male","black","assault",-0.00752671,1.91779
1996,1,"adults","male","black","assault",-0.00453172,1.87615
1997,1,"adults","male","black","assault",-0.000138429,1.83714
1998,1,"adults","male","black","assault",-0.0192055,1.80513
1999,1,"adults","male","black","assault",-0.0320468,1.7845
2000,1,"adults","male","black","assault",-0.000883282,1.77652
2001,1,"adults","male","black","assault",-0.00266458,1.77735
2002,0,"adults","male","black","assault",0.013666,1.78303
2003,0,"adults","male","black","assault",0.0107269,1.78914
2004,0,"adults","male","black","assault",-0.013856,1.79345
2005,0,"adults","male","black","assault",0.0118139,1.79548
2006,0,"adults","male","black","assault",0.0181812,1.79249
2007,0,"adults","male","black","assault",0.0110699,1.78365
2008,0,"adults","male","black","assault",-0.00112342,1.77105
2009,0,"adults","male","black","assault",-0.0197528,1.75853
2010,1,"adults","male","black","assault",-0.0153163,1.74977
2011,1,"adults","male","black","assault",-0.00676943,1.74526
2012,1,"adults","male","black","assault",0.0159354,1.74308
2013,1,"adults","male","black","assault",0.0103335,1.74019
2014,1,"adults","male","black","assault",-0.00736627,1.73613
1968,1,"adults","male","black","intentional_self_harm",-0.0170482,1.13124
1969,1,"adults","male","black","intentional_self_harm",0.0157559,1.15937
1970,0,"adults","male","black","intentional_self_harm",0.0216115,1.18478
1971,0,"adults","male","black","intentional_self_harm",-0.0470214,1.20725
1972,0,"adults","male","black","intentional_self_harm",0.0252674,1.23004
1973,0,"adults","male","black","intentional_self_harm",0.00573382,1.24887
1974,0,"adults","male","black","intentional_self_harm",-0.0041152,1.26352
1975,0,"adults","male","black","intentional_self_harm",0.000165564,1.27467
1976,0,"adults","male","black","intentional_self_harm",-0.00906045,1.28235
1977,0,"adults","male","black","intentional_self_harm",-0.000942819,1.28662
1978,1,"adults","male","black","intentional_self_harm",0.00969636,1.28609
1979,1,"adults","male","black","intentional_self_harm",0.0306491,1.2792
1980,1,"adults","male","black","intentional_self_harm",-0.00608026,1.26597
1981,1,"adults","male","black","intentional_self_harm",-0.00504525,1.25131
1982,0,"adults","male","black","intentional_self_harm",-0.0100565,1.23915
1983,0,"adults","male","black","intentional_self_harm",-0.0247204,1.23263
1984,0,"adults","male","black","intentional_self_harm",0.00452888,1.23326
1985,0,"adults","male","black","intentional_self_harm",-0.00346146,1.23862
1986,0,"adults","male","black","intentional_self_harm",0.00316126,1.24699
1987,0,"adults","male","black","intentional_self_harm",0.00207625,1.25612
1988,0,"adults","male","black","intentional_self_harm",0.000370658,1.26423
1989,0,"adults","male","black","intentional_self_harm",0.0158168,1.26992
1990,0,"adults","male","black","intentional_self_harm",0.00188095,1.27181
1991,0,"adults","male","black","intentional_self_harm",-0.0137184,1.27107
1992,0,"adults","male","black","intentional_self_harm",-0.0121232,1.26916
1993,0,"adults","male","black","intentional_self_harm",0.0176846,1.26536
1994,1,"adults","male","black","intentional_self_harm",0.00325867,1.25699
1995,1,"adults","male","black","intentional_self_harm",0.00740131,1.24422
1996,1,"adults","male","black","intentional_self_harm",0.00718402,1.22774
1997,1,"adults","male","black","intentional_self_harm",-0.00590272,1.2094
1998,1,"adults","male","black","intentional_self_harm",-0.0146378,1.19222
1999,1,"adults","male","black","intentional_self_harm",-0.000899386,1.17828
2000,1,"adults","male","black","intentional_self_harm",-0.00110709,1.1673
2001,1,"adults","male","black","intentional_self_harm",-0.00411107,1.15887
2002,0,"adults","male","black","intentional_self_harm",0.00802405,1.15239
2003,0,"adults","male","black","intentional_self_harm",0.0044103,1.14663
2004,0,"adults","male","black","intentional_self_harm",-0.00622527,1.14161
2005,0,"adults","male","black","intentional_self_harm",0.00265529,1.13807
2006,0,"adults","male","black","intentional_self_harm",0.00487381,1.13575
2007,0,"adults","male","black","intentional_self_harm",-0.0107826,1.13484
2008,0,"adults","male","black","intentional_self_harm",0.00987618,1.13626
2009,0,"adults","male","black","intentional_self_harm",-0.0156533,1.13926
2010,1,"adults","male","black","intentional_self_harm",-0.00176263,1.14463
2011,1,"adults","male","black","intentional_self_harm",0.00807945,1.15067
2012,1,"adults","male","black","intentional_self_harm",0.0118066,1.15539
2013,1,"adults","male","black","intentional_self_harm",-0.00247455,1.15812
2014,1,"adults","male","black","intentional_self_harm",-0.00501882,1.16004
1968,1,"adults","male","black","vehicle",-0.0138637,1.86038
1969,1,"adults","male","black","vehicle",0.0087632,1.84358
1970,0,"adults","male","black","vehicle",-0.000538616,1.82457
1971,0,"adults","male","black","vehicle",-0.00659315,1.80251
1972,0,"adults","male","black","vehicle",0.0279498,1.77652
1973,0,"adults","male","black","vehicle",0.0438361,1.74464
1974,0,"adults","male","black","vehicle",-0.0418482,1.70938
1975,0,"adults","male","black","vehicle",-0.025142,1.68027
1976,0,"adults","male","black","vehicle",-0.0227653,1.66014
1977,0,"adults","male","black","vehicle",0.00186212,1.6478
1978,1,"adults","male","black","vehicle",0.0139365,1.63843
1979,1,"adults","male","black","vehicle",0.0178017,1.62748
1980,1,"adults","male","black","vehicle",0.0202405,1.61265
1981,1,"adults","male","black","vehicle",0.0127204,1.59449
1982,0,"adults","male","black","vehicle",-0.0230291,1.57677
1983,0,"adults","male","black","vehicle",-0.0253873,1.56532
1984,0,"adults","male","black","vehicle",-0.0125067,1.56227
1985,0,"adults","male","black","vehicle",-0.0054531,1.56569
1986,0,"adults","male","black","vehicle",0.0155073,1.57164
1987,0,"adults","male","black","vehicle",-0.00163888,1.57533
1988,0,"adults","male","black","vehicle",0.00988072,1.57444
1989,0,"adults","male","black","vehicle",0.0233045,1.56637
1990,0,"adults","male","black","vehicle",0.0216112,1.55014
1991,0,"adults","male","black","vehicle",-0.0104923,1.52845
1992,0,"adults","male","black","vehicle",-0.0243184,1.50751
1993,0,"adults","male","black","vehicle",0.000321696,1.4918
1994,1,"adults","male","black","vehicle",-0.0214216,1.48196
1995,1,"adults","male","black","vehicle",0.0130648,1.47863
1996,1,"adults","male","black","vehicle",0.00284403,1.47907
1997,1,"adults","male","black","vehicle",-0.00677993,1.48259
1998,1,"adults","male","black","vehicle",-0.0145506,1.48898
1999,1,"adults","male","black","vehicle",0.0112863,1.49694
2000,1,"adults","male","black","vehicle",0.0203609,1.50285
2001,1,"adults","male","black","vehicle",0.000381489,1.50487
2002,0,"adults","male","black","vehicle",-0.0118798,1.50444
2003,0,"adults","male","black","vehicle",-0.00768437,1.50306
2004,0,"adults","male","black","vehicle",-0.00226874,1.50032
2005,0,"adults","male","black","vehicle",-0.000918735,1.49458
2006,0,"adults","male","black","vehicle",0.0177662,1.48385
2007,0,"adults","male","black","vehicle",0.0338904,1.46598
2008,0,"adults","male","black","vehicle",-0.00403069,1.44167
2009,0,"adults","male","black","vehicle",-0.0153419,1.41704
2010,1,"adults","male","black","vehicle",-0.0242536,1.39757
2011,1,"adults","male","black","vehicle",-0.0181572,1.38627
2012,1,"adults","male","black","vehicle",0.00801516,1.38228
2013,1,"adults","male","black","vehicle",0.00885801,1.38184
2014,1,"adults","male","black","vehicle",0.00666082,1.38247
1968,1,"adults","male","white","assault",0.00472034,0.971277
1969,1,"adults","male","white","assault",-0.018986,0.999324
1970,0,"adults","male","white","assault",0.00211836,1.02813
1971,0,"adults","male","white","assault",0.00453126,1.0554
1972,0,"adults","male","white","assault",0.00344628,1.0792
1973,0,"adults","male","white","assault",0.00365711,1.09832
1974,0,"adults","male","white","assault",0.0228613,1.11207
1975,0,"adults","male","white","assault",0.0122478,1.12039
1976,0,"adults","male","white","assault",-0.0316655,1.12685
1977,0,"adults","male","white","assault",-0.0286932,1.13698
1978,1,"adults","male","white","assault",-0.017335,1.15125
1979,1,"adults","male","white","assault",0.00768433,1.16554
1980,1,"adults","male","white","assault",0.0429541,1.17295
1981,1,"adults","male","white","assault",0.0291113,1.16782
1982,0,"adults","male","white","assault",0.00537651,1.15136
1983,0,"adults","male","white","assault",-0.0206708,1.12942
1984,0,"adults","male","white","assault",-0.0167669,1.10874
1985,0,"adults","male","white","assault",-0.0105067,1.09273
1986,0,"adults","male","white","assault",0.019546,1.08212
1987,0,"adults","male","white","assault",-0.0175828,1.07597
1988,0,"adults","male","white","assault",-0.022632,1.07647
1989,0,"adults","male","white","assault",-0.013639,1.08297
1990,0,"adults","male","white","assault",0.0137823,1.09122
1991,0,"adults","male","white","assault",0.0193821,1.09479
1992,0,"adults","male","white","assault",0.00606024,1.08945
1993,0,"adults","male","white","assault",-0.00447776,1.07407
1994,1,"adults","male","white","assault",0.0139815,1.04848
1995,1,"adults","male","white","assault",0.00168535,1.01182
1996,1,"adults","male","white","assault",-0.00207141,0.965443
1997,1,"adults","male","white","assault",0.0346092,0.910977
1998,1,"adults","male","white","assault",0.0522076,0.849724
1999,1,"adults","male","white","assault",-0.0733962,0.78852
2000,1,"adults","male","white","assault",-0.0546828,0.742555
2001,1,"adults","male","white","assault",0.00423201,0.715275
2002,0,"adults","male","white","assault",0.00975228,0.701377
2003,0,"adults","male","white","assault",0.00111534,0.696236
2004,0,"adults","male","white","assault",0.00491667,0.696786
2005,0,"adults","male","white","assault",-0.00485017,0.70014
2006,0,"adults","male","white","assault",-0.00272152,0.704198
2007,0,"adults","male","white","assault",0.0191419,0.706083
2008,0,"adults","male","white","assault",0.0397375,0.702485
2009,0,"adults","male","white","assault",-0.0215338,0.693153
2010,1,"adults","male","white","assault",-0.0230779,0.684196
2011,1,"adults","male","white","assault",-0.00862137,0.678279
2012,1,"adults","male","white","assault",0.0165389,0.674373
2013,1,"adults","male","white","assault",-0.000486156,0.670068
2014,1,"adults","male","white","assault",-0.00100068,0.665603
1968,1,"adults","male","white","intentional_self_harm",6.79462e-005,1.33661
1969,1,"adults","male","white","intentional_self_harm",-0.00317449,1.3461
1970,0,"adults","male","white","intentional_self_harm",0.010328,1.3556
1971,0,"adults","male","white","intentional_self_harm",-0.00957715,1.36462
1972,0,"adults","male","white","intentional_self_harm",-0.00296888,1.3743
1973,0,"adults","male","white","intentional_self_harm",-0.00295494,1.38428
1974,0,"adults","male","white","intentional_self_harm",-0.000570751,1.39369
1975,0,"adults","male","white","intentional_self_harm",0.0126771,1.40123
1976,0,"adults","male","white","intentional_self_harm",-0.00713459,1.40546
1977,0,"adults","male","white","intentional_self_harm",0.0221354,1.407
1978,1,"adults","male","white","intentional_self_harm",-0.0096734,1.40533
1979,1,"adults","male","white","intentional_self_harm",-0.0117411,1.40345
1980,1,"adults","male","white","intentional_self_harm",-0.000607527,1.40284
1981,1,"adults","male","white","intentional_self_harm",0.00181895,1.40306
1982,0,"adults","male","white","intentional_self_harm",0.0025022,1.40363
1983,0,"adults","male","white","intentional_self_harm",-0.00445147,1.40431
1984,0,"adults","male","white","intentional_self_harm",0.00183239,1.40528
1985,0,"adults","male","white","intentional_self_harm",-0.00389536,1.40601
1986,0,"adults","male","white","intentional_self_harm",0.0108817,1.40627
1987,0,"adults","male","white","intentional_self_harm",0.0014521,1.4052
1988,0,"adults","male","white","intentional_self_harm",-0.00510667,1.40366
1989,0,"adults","male","white","intentional_self_harm",-0.00708664,1.40278
1990,0,"adults","male","white","intentional_self_harm",0.00422904,1.40284
1991,0,"adults","male","white","intentional_self_harm",0.00254769,1.40301
1992,0,"adults","male","white","intentional_self_harm",-0.00658729,1.40313
1993,0,"adults","male","white","intentional_self_harm",-0.000679349,1.40344
1994,1,"adults","male","white","intentional_self_harm",0.00677257,1.40312
1995,1,"adults","male","white","intentional_self_harm",0.00995244,1.40127
1996,1,"adults","male","white","intentional_self_harm",0.0036837,1.39805
1997,1,"adults","male","white","intentional_self_harm",-0.0082277,1.39521
1998,1,"adults","male","white","intentional_self_harm",-0.009955,1.3951
1999,1,"adults","male","white","intentional_self_harm",-0.00349834,1.39876
2000,1,"adults","male","white","intentional_self_harm",-0.00548918,1.40563
2001,1,"adults","male","white","intentional_self_harm",0.00564782,1.41457
2002,0,"adults","male","white","intentional_self_harm",0.0108644,1.4236
2003,0,"adults","male","white","intentional_self_harm",0.00293818,1.43161
2004,0,"adults","male","white","intentional_self_harm",-0.000816752,1.43925
2005,0,"adults","male","white","intentional_self_harm",-0.00702285,1.44762
2006,0,"adults","male","white","intentional_self_harm",-0.00558537,1.45772
2007,0,"adults","male","white","intentional_self_harm",-0.0013223,1.4694
2008,0,"adults","male","white","intentional_self_harm",0.00298233,1.48162
2009,0,"adults","male","white","intentional_self_harm",-0.00106302,1.49314
2010,1,"adults","male","white","intentional_self_harm",0.00621168,1.50319
2011,1,"adults","male","white","intentional_self_harm",0.00461514,1.51082
2012,1,"adults","male","white","intentional_self_harm",0.0030126,1.51609
2013,1,"adults","male","white","intentional_self_harm",-0.00612643,1.5198
2014,1,"adults","male","white","intentional_self_harm",-0.00183687,1.52321
1968,1,"adults","male","white","vehicle",-0.00576812,1.69555
1969,1,"adults","male","white","vehicle",0.00510852,1.68223
1970,0,"adults","male","white","vehicle",0.000163767,1.66798
1971,0,"adults","male","white","vehicle",-0.00129529,1.65271
1972,0,"adults","male","white","vehicle",0.0158606,1.63633
1973,0,"adults","male","white","vehicle",0.0259909,1.61855
1974,0,"adults","male","white","vehicle",-0.0241948,1.60163
1975,0,"adults","male","white","vehicle",-0.0253969,1.59198
1976,0,"adults","male","white","vehicle",-0.0268014,1.59213
1977,0,"adults","male","white","vehicle",-0.00619598,1.60056
1978,1,"adults","male","white","vehicle",0.0128376,1.61146
1979,1,"adults","male","white","vehicle",0.0226113,1.61802
1980,1,"adults","male","white","vehicle",0.02793,1.61549
1981,1,"adults","male","white","vehicle",0.0256797,1.60274
1982,0,"adults","male","white","vehicle",-0.0203038,1.58311
1983,0,"adults","male","white","vehicle",-0.0296951,1.56403
1984,0,"adults","male","white","vehicle",-0.00630243,1.54971
1985,0,"adults","male","white","vehicle",-0.0127618,1.53959
1986,0,"adults","male","white","vehicle",0.00848538,1.53211
1987,0,"adults","male","white","vehicle",0.00430623,1.52367
1988,0,"adults","male","white","vehicle",0.014662,1.512
1989,0,"adults","male","white","vehicle",0.000788483,1.49557
1990,0,"adults","male","white","vehicle",0.0207458,1.47514
1991,0,"adults","male","white","vehicle",-0.00212504,1.45164
1992,0,"adults","male","white","vehicle",-0.0238429,1.42931
1993,0,"adults","male","white","vehicle",-0.00536848,1.41202
1994,1,"adults","male","white","vehicle",-0.000589557,1.39986
1995,1,"adults","male","white","vehicle",0.0121236,1.39206
1996,1,"adults","male","white","vehicle",0.00181506,1.38772
1997,1,"adults","male","white","vehicle",-0.011391,1.38793
1998,1,"adults","male","white","vehicle",-0.0216361,1.39403
1999,1,"adults","male","white","vehicle",0.00915669,1.40555
2000,1,"adults","male","white","vehicle",0.00835213,1.41857
2001,1,"adults","male","white","vehicle",0.00270877,1.43061
2002,0,"adults","male","white","vehicle",0.00385006,1.44057
2003,0,"adults","male","white","vehicle",-0.00663953,1.44773
2004,0,"adults","male","white","vehicle",-0.00688978,1.45202
2005,0,"adults","male","white","vehicle",0.00571077,1.45229
2006,0,"adults","male","white","vehicle",0.0150859,1.44632
2007,0,"adults","male","white","vehicle",0.0209504,1.43275
2008,0,"adults","male","white","vehicle",0.00727509,1.41269
2009,0,"adults","male","white","vehicle",-0.0228032,1.39057
2010,1,"adults","male","white","vehicle",-0.0237334,1.37197
2011,1,"adults","male","white","vehicle",-0.00703496,1.35887
2012,1,"adults","male","white","vehicle",0.0148058,1.34941
2013,1,"adults","male","white","vehicle",0.00334057,1.34062
2014,1,"adults","male","white","vehicle",0.000424308,1.33189
1968,1,"children and adolescents","female","black","assault",-0.0272317,0.731926
1969,1,"children and adolescents","female","black","assault",0.0212889,0.7788
1970,0,"children and adolescents","female","black","assault",-0.0335533,0.821318
1971,0,"children and adolescents","female","black","assault",0.0512473,0.858527
1972,0,"children and adolescents","female","black","assault",-0.0127216,0.884109
1973,0,"children and adolescents","female","black","assault",-0.00610825,0.899944
1974,0,"children and adolescents","female","black","assault",0.0266203,0.905876
1975,0,"children and adolescents","female","black","assault",0.0433122,0.900774
1976,0,"children and adolescents","female","black","assault",-0.0825399,0.887763
1977,0,"children and adolescents","female","black","assault",0.0288932,0.876901
1978,1,"children and adolescents","female","black","assault",-0.0149692,0.865037
1979,1,"children and adolescents","female","black","assault",0.0118084,0.853646
1980,1,"children and adolescents","female","black","assault",0.0015401,0.841804
1981,1,"children and adolescents","female","black","assault",0.00941634,0.830479
1982,0,"children and adolescents","female","black","assault",0.0078301,0.820885
1983,0,"children and adolescents","female","black","assault",-0.0270863,0.815743
1984,0,"children and adolescents","female","black","assault",0.0145215,0.819026
1985,0,"children and adolescents","female","black","assault",-0.0426044,0.830373
1986,0,"children and adolescents","female","black","assault",0.0171469,0.851747
1987,0,"children and adolescents","female","black","assault",-0.00170358,0.878295
1988,0,"children and adolescents","female","black","assault",0.00660147,0.907906
1989,0,"children and adolescents","female","black","assault",-0.0416219,0.938197
1990,0,"children and adolescents","female","black","assault",0.0426794,0.967841
1991,0,"children and adolescents","female","black","assault",-0.00931501,0.988853
1992,0,"children and adolescents","female","black","assault",-0.0251759,1.00007
1993,0,"children and adolescents","female","black","assault",0.0582785,0.998859
1994,1,"children and adolescents","female","black","assault",0.00170645,0.978529
1995,1,"children and adolescents","female","black","assault",0.0311799,0.941734
1996,1,"children and adolescents","female","black","assault",0.002113,0.891395
1997,1,"children and adolescents","female","black","assault",-0.0403095,0.835422
1998,1,"children and adolescents","female","black","assault",-0.00840466,0.782065
1999,1,"children and adolescents","female","black","assault",0.0278269,0.733122
2000,1,"children and adolescents","female","black","assault",0.015831,0.689048
2001,1,"children and adolescents","female","black","assault",-0.0911585,0.654748
2002,0,"children and adolescents","female","black","assault",0.0312299,0.637662
2003,0,"children and adolescents","female","black","assault",-0.0158652,0.630644
2004,0,"children and adolescents","female","black","assault",0.0232627,0.631546
2005,0,"children and adolescents","female","black","assault",-0.0313106,0.635679
2006,0,"children and adolescents","female","black","assault",0.026748,0.642079
2007,0,"children and adolescents","female","black","assault",-0.00865305,0.644769
2008,0,"children and adolescents","female","black","assault",0.0457031,0.642054
2009,0,"children and adolescents","female","black","assault",-0.0429216,0.630855
2010,1,"children and adolescents","female","black","assault",0.0182614,0.615403
2011,1,"children and adolescents","female","black","assault",0.0195346,0.593064
2012,1,"children and adolescents","female","black","assault",0.0276401,0.564124
2013,1,"children and adolescents","female","black","assault",-0.078009,0.531997
2014,1,"children and adolescents","female","black","assault",0.0290416,0.504516
1968,1,"children and adolescents","female","black","intentional_self_harm",-0.111333,0.0773846
1969,1,"children and adolescents","female","black","intentional_self_harm",0.0731574,0.130202
1970,0,"children and adolescents","female","black","intentional_self_harm",0.0389819,0.165206
1971,0,"children and adolescents","female","black","intentional_self_harm",0.0631609,0.176289
1972,0,"children and adolescents","female","black","intentional_self_harm",0.0373942,0.163579
1973,0,"children and adolescents","female","black","intentional_self_harm",-0.0965087,0.137313
1974,0,"children and adolescents","female","black","intentional_self_harm",0.0316826,0.113707
1975,0,"children and adolescents","female","black","intentional_self_harm",-0.139312,0.0935375
1976,0,"children and adolescents","female","black","intentional_self_harm",0.0988523,0.0826512
1977,0,"children and adolescents","female","black","intentional_self_harm",0.0884854,0.0646035
1978,1,"children and adolescents","female","black","intentional_self_harm",-0.0982542,0.0387667
1979,1,"children and adolescents","female","black","intentional_self_harm",0.0707046,0.0186705
1980,1,"children and adolescents","female","black","intentional_self_harm",-0.040472,0.0021242
1981,1,"children and adolescents","female","black","intentional_self_harm",-0.033416,-0.00175038
1982,0,"children and adolescents","female","black","intentional_self_harm",-0.0749241,0.00969318
1983,0,"children and adolescents","female","black","intentional_self_harm",0.129075,0.0337547
1984,0,"children and adolescents","female","black","intentional_self_harm",-0.0246206,0.0557462
1985,0,"children and adolescents","female","black","intentional_self_harm",-0.0910775,0.0816317
1986,0,"children and adolescents","female","black","intentional_self_harm",-0.000864344,0.113436
1987,0,"children and adolescents","female","black","intentional_self_harm",0.0562971,0.138611
1988,0,"children and adolescents","female","black","intentional_self_harm",0.0710657,0.144471
1989,0,"children and adolescents","female","black","intentional_self_harm",0.0553272,0.127339
1990,0,"children and adolescents","female","black","intentional_self_harm",0.0141238,0.0949044
1991,0,"children and adolescents","female","black","intentional_self_harm",-0.128988,0.0637135
1992,0,"children and adolescents","female","black","intentional_self_harm",-0.00879145,0.0525701
1993,0,"children and adolescents","female","black","intentional_self_harm",-0.102875,0.0596404
1994,1,"children and adolescents","female","black","intentional_self_harm",0.0815819,0.0816839
1995,1,"children and adolescents","female","black","intentional_self_harm",0.0223332,0.0990001
1996,1,"children and adolescents","female","black","intentional_self_harm",-0.0416834,0.104942
1997,1,"children and adolescents","female","black","intentional_self_harm",0.14284,0.0964344
1998,1,"children and adolescents","female","black","intentional_self_harm",-0.00607653,0.063735
1999,1,"children and adolescents","female","black","intentional_self_harm",-0.00569016,0.0199544
2000,1,"children and adolescents","female","black","intentional_self_harm",-0.0285099,-0.0227687
2001,1,"children and adolescents","female","black","intentional_self_harm",0.00704826,-0.053206
2002,0,"children and adolescents","female","black","intentional_self_harm",-0.11446,-0.0646907
2003,0,"children and adolescents","female","black","intentional_self_harm",-0.0979159,-0.0494285
2004,0,"children and adolescents","female","black","intentional_self_harm",0.192681,-0.0179383
2005,0,"children and adolescents","female","black","intentional_self_harm",0.0451235,0.00359398
2006,0,"children and adolescents","female","black","intentional_self_harm",-0.0789195,0.0198118
2007,0,"children and adolescents","female","black","intentional_self_harm",-0.0463114,0.0425783
2008,0,"children and adolescents","female","black","intentional_self_harm",0.0603257,0.0711293
2009,0,"children and adolescents","female","black","intentional_self_harm",0.0168994,0.0972911
2010,1,"children and adolescents","female","black","intentional_self_harm",-0.0360361,0.122542
2011,1,"children and adolescents","female","black","intentional_self_harm",-0.0155876,0.151064
2012,1,"children and adolescents","female","black","intentional_self_harm",0.00726433,0.181273
2013,1,"children and adolescents","female","black","intentional_self_harm",0.0513794,0.209093
2014,1,"children and adolescents","female","black","intentional_self_harm",-0.0331586,0.231607
1968,1,"children and adolescents","female","black","vehicle",-0.0460647,0.984843
1969,1,"children and adolescents","female","black","vehicle",0.059806,0.973248
1970,0,"children and adolescents","female","black","vehicle",-0.0230956,0.954282
1971,0,"children and adolescents","female","black","vehicle",0.0156039,0.930145
1972,0,"children and adolescents","female","black","vehicle",0.00842832,0.89934
1973,0,"children and adolescents","female","black","vehicle",0.059489,0.862866
1974,0,"children and adolescents","female","black","vehicle",-0.0416955,0.823072
1975,0,"children and adolescents","female","black","vehicle",-0.0430566,0.791824
1976,0,"children and adolescents","female","black","vehicle",-0.0630813,0.774319
1977,0,"children and adolescents","female","black","vehicle",0.0386155,0.768862
1978,1,"children and adolescents","female","black","vehicle",0.0553673,0.763667
1979,1,"children and adolescents","female","black","vehicle",0.0122904,0.753126
1980,1,"children and adolescents","female","black","vehicle",-0.0148332,0.740488
1981,1,"children and adolescents","female","black","vehicle",-0.0349843,0.730973
1982,0,"children and adolescents","female","black","vehicle",0.0393232,0.727422
1983,0,"children and adolescents","female","black","vehicle",-0.032774,0.727083
1984,0,"children and adolescents","female","black","vehicle",0.00549875,0.733493
1985,0,"children and adolescents","female","black","vehicle",-0.0170772,0.744946
1986,0,"children and adolescents","female","black","vehicle",-0.00343366,0.760617
1987,0,"children and adolescents","female","black","vehicle",-0.0044904,0.776947
1988,0,"children and adolescents","female","black","vehicle",0.0822749,0.789828
1989,0,"children and adolescents","female","black","vehicle",-0.0554679,0.794435
1990,0,"children and adolescents","female","black","vehicle",0.0312989,0.799104
1991,0,"children and adolescents","female","black","vehicle",-0.0261806,0.803298
1992,0,"children and adolescents","female","black","vehicle",-0.0221139,0.811489
1993,0,"children and adolescents","female","black","vehicle",-0.0196206,0.823958
1994,1,"children and adolescents","female","black","vehicle",0.0310971,0.837449
1995,1,"children and adolescents","female","black","vehicle",0.0161299,0.845566
1996,1,"children and adolescents","female","black","vehicle",0.0233483,0.846888
1997,1,"children and adolescents","female","black","vehicle",0.0191511,0.842577
1998,1,"children and adolescents","female","black","vehicle",-0.0934896,0.837528
1999,1,"children and adolescents","female","black","vehicle",0.037309,0.839703
2000,1,"children and adolescents","female","black","vehicle",-0.00668156,0.842103
2001,1,"children and adolescents","female","black","vehicle",0.00342891,0.843699
2002,0,"children and adolescents","female","black","vehicle",0.0198462,0.842396
2003,0,"children and adolescents","female","black","vehicle",-0.0339604,0.836642
2004,0,"children and adolescents","female","black","vehicle",0.0163162,0.828066
2005,0,"children and adolescents","female","black","vehicle",0.0236825,0.812861
2006,0,"children and adolescents","female","black","vehicle",-0.0212991,0.789828
2007,0,"children and adolescents","female","black","vehicle",0.0466039,0.761562
2008,0,"children and adolescents","female","black","vehicle",-0.0262888,0.727248
2009,0,"children and adolescents","female","black","vehicle",0.0277475,0.693525
2010,1,"children and adolescents","female","black","vehicle",-0.0578118,0.662831
2011,1,"children and adolescents","female","black","vehicle",0.026076,0.64204
2012,1,"children and adolescents","female","black","vehicle",-0.0198434,0.628776
2013,1,"children and adolescents","female","black","vehicle",-0.0410578,0.624837
2014,1,"children and adolescents","female","black","vehicle",0.0496691,0.628845
1968,1,"children and adolescents","female","white","assault",-0.0176924,0.0154194
1969,1,"children and adolescents","female","white","assault",0.0198219,0.0688491
1970,0,"children and adolescents","female","white","assault",0.00154021,0.119448
1971,0,"children and adolescents","female","white","assault",-0.0407926,0.167557
1972,0,"children and adolescents","female","white","assault",0.0171915,0.213763
1973,0,"children and adolescents","female","white","assault",0.0432934,0.252126
1974,0,"children and adolescents","female","white","assault",0.00361447,0.279458
1975,0,"children and adolescents","female","white","assault",-0.00198767,0.299497
1976,0,"children and adolescents","female","white","assault",-0.0310946,0.316557
1977,0,"children and adolescents","female","white","assault",-0.0226015,0.334639
1978,1,"children and adolescents","female","white","assault",0.00814275,0.352765
1979,1,"children and adolescents","female","white","assault",-0.00583306,0.366341
1980,1,"children and adolescents","female","white","assault",0.046826,0.372078
1981,1,"children and adolescents","female","white","assault",0.0174636,0.365752
1982,0,"children and adolescents","female","white","assault",0.0194579,0.350631
1983,0,"children and adolescents","female","white","assault",-0.0677319,0.332779
1984,0,"children and adolescents","female","white","assault",0.024421,0.32137
1985,0,"children and adolescents","female","white","assault",-0.0458721,0.314745
1986,0,"children and adolescents","female","white","assault",0.0444952,0.315149
1987,0,"children and adolescents","female","white","assault",-0.00985144,0.317489
1988,0,"children and adolescents","female","white","assault",-0.0292053,0.323791
1989,0,"children and adolescents","female","white","assault",0.00545584,0.334504
1990,0,"children and adolescents","female","white","assault",0.0118213,0.345406
1991,0,"children and adolescents","female","white","assault",-0.00366326,0.353147
1992,0,"children and adolescents","female","white","assault",-0.00160519,0.356267
1993,0,"children and adolescents","female","white","assault",0.0118747,0.352721
1994,1,"children and adolescents","female","white","assault",-0.019365,0.340209
1995,1,"children and adolescents","female","white","assault",0.0561825,0.318328
1996,1,"children and adolescents","female","white","assault",-0.0114639,0.283577
1997,1,"children and adolescents","female","white","assault",-0.0117597,0.241447
1998,1,"children and adolescents","female","white","assault",0.0243733,0.195591
1999,1,"children and adolescents","female","white","assault",-0.0188961,0.147783
2000,1,"children and adolescents","female","white","assault",-0.0103376,0.103696
2001,1,"children and adolescents","female","white","assault",0.0208139,0.06598
2002,0,"children and adolescents","female","white","assault",-0.00825984,0.0356298
2003,0,"children and adolescents","female","white","assault",-0.0884796,0.0169717
2004,0,"children and adolescents","female","white","assault",0.0362083,0.0130097
2005,0,"children and adolescents","female","white","assault",0.00168955,0.0125915
2006,0,"children and adolescents","female","white","assault",0.0176885,0.0103579
2007,0,"children and adolescents","female","white","assault",0.050384,0.00121993
2008,0,"children and adolescents","female","white","assault",-0.0399997,-0.0170809
2009,0,"children and adolescents","female","white","assault",0.0222537,-0.038742
2010,1,"children and adolescents","female","white","assault",-0.0523854,-0.0643604
2011,1,"children and adolescents","female","white","assault",0.0400366,-0.0909727
2012,1,"children and adolescents","female","white","assault",0.0208755,-0.123997
2013,1,"children and adolescents","female","white","assault",-0.0201926,-0.162446
2014,1,"children and adolescents","female","white","assault",-0.0068555,-0.201992
1968,1,"children and adolescents","female","white","intentional_self_harm",-0.0337037,0.10067
1969,1,"children and adolescents","female","white","intentional_self_harm",0.0265796,0.138412
1970,0,"children and adolescents","female","white","intentional_self_harm",0.0140745,0.170762
1971,0,"children and adolescents","female","white","intentional_self_harm",0.0175072,0.196579
1972,0,"children and adolescents","female","white","intentional_self_harm",-0.036067,0.216975
1973,0,"children and adolescents","female","white","intentional_self_harm",0.0128122,0.235865
1974,0,"children and adolescents","female","white","intentional_self_harm",0.013086,0.251389
1975,0,"children and adolescents","female","white","intentional_self_harm",-0.0142403,0.263742
1976,0,"children and adolescents","female","white","intentional_self_harm",-0.00442491,0.275209
1977,0,"children and adolescents","female","white","intentional_self_harm",0.0109122,0.285797
1978,1,"children and adolescents","female","white","intentional_self_harm",-0.00853436,0.294807
1979,1,"children and adolescents","female","white","intentional_self_harm",0.0195411,0.303284
1980,1,"children and adolescents","female","white","intentional_self_harm",-0.029148,0.310908
1981,1,"children and adolescents","female","white","intentional_self_harm",0.0416539,0.320487
1982,0,"children and adolescents","female","white","intentional_self_harm",-0.0222227,0.330164
1983,0,"children and adolescents","female","white","intentional_self_harm",-0.0361572,0.344745
1984,0,"children and adolescents","female","white","intentional_self_harm",-0.00510444,0.365484
1985,0,"children and adolescents","female","white","intentional_self_harm",0.0240874,0.387847
1986,0,"children and adolescents","female","white","intentional_self_harm",-0.010411,0.406485
1987,0,"children and adolescents","female","white","intentional_self_harm",0.00957325,0.419901
1988,0,"children and adolescents","female","white","intentional_self_harm",0.0332781,0.424935
1989,0,"children and adolescents","female","white","intentional_self_harm",0.00543425,0.419956
1990,0,"children and adolescents","female","white","intentional_self_harm",-0.016454,0.40866
1991,0,"children and adolescents","female","white","intentional_self_harm",-0.0104867,0.39561
1992,0,"children and adolescents","female","white","intentional_self_harm",-0.0211501,0.382738
1993,0,"children and adolescents","female","white","intentional_self_harm",0.0352021,0.370298
1994,1,"children and adolescents","female","white","intentional_self_harm",-0.00884308,0.355159
1995,1,"children and adolescents","female","white","intentional_self_harm",-0.0337392,0.339823
1996,1,"children and adolescents","female","white","intentional_self_harm",0.0347421,0.325378
1997,1,"children and adolescents","female","white","intentional_self_harm",0.0184,0.307512
1998,1,"children and adolescents","female","white","intentional_self_harm",0.00091348,0.287472
1999,1,"children and adolescents","female","white","intentional_self_harm",-0.023312,0.269451
2000,1,"children and adolescents","female","white","intentional_self_harm",0.0024048,0.257786
2001,1,"children and adolescents","female","white","intentional_self_harm",-0.00530518,0.253085
2002,0,"children and adolescents","female","white","intentional_self_harm",-0.0423626,0.25634
2003,0,"children and adolescents","female","white","intentional_self_harm",-0.0282351,0.267695
2004,0,"children and adolescents","female","white","intentional_self_harm",0.109173,0.280516
2005,0,"children and adolescents","female","white","intentional_self_harm",0.0111396,0.283651
2006,0,"children and adolescents","female","white","intentional_self_harm",-0.0100041,0.283415
2007,0,"children and adolescents","female","white","intentional_self_harm",-0.0529804,0.287907
2008,0,"children and adolescents","female","white","intentional_self_harm",-0.0116926,0.303625
2009,0,"children and adolescents","female","white","intentional_self_harm",0.031374,0.328588
2010,1,"children and adolescents","female","white","intentional_self_harm",-0.028195,0.358948
2011,1,"children and adolescents","female","white","intentional_self_harm",5.17454e-005,0.395872
2012,1,"children and adolescents","female","white","intentional_self_harm",0.0229546,0.43602
2013,1,"children and adolescents","female","white","intentional_self_harm",-0.00355794,0.476058
2014,1,"children and adolescents","female","white","intentional_self_harm",0.00143645,0.516327
1968,1,"children and adolescents","female","white","vehicle",-0.00447715,1.18097
1969,1,"children and adolescents","female","white","vehicle",0.00143786,1.18303
1970,0,"children and adolescents","female","white","vehicle",-0.00551829,1.18437
1971,0,"children and adolescents","female","white","vehicle",0.0010422,1.18452
1972,0,"children and adolescents","female","white","vehicle",0.028608,1.18209
1973,0,"children and adolescents","female","white","vehicle",0.0260945,1.17588
1974,0,"children and adolescents","female","white","vehicle",-0.0374121,1.16928
1975,0,"children and adolescents","female","white","vehicle",-0.0499919,1.16983
1976,0,"children and adolescents","female","white","vehicle",-0.000994127,1.17909
1977,0,"children and adolescents","female","white","vehicle",0.0167388,1.19063
1978,1,"children and adolescents","female","white","vehicle",0.0219636,1.19786
1979,1,"children and adolescents","female","white","vehicle",0.0205636,1.19686
1980,1,"children and adolescents","female","white","vehicle",0.0233725,1.18722
1981,1,"children and adolescents","female","white","vehicle",0.0057827,1.17185
1982,0,"children and adolescents","female","white","vehicle",-0.0384376,1.15736
1983,0,"children and adolescents","female","white","vehicle",-0.0324544,1.15131
1984,0,"children and adolescents","female","white","vehicle",-0.00839111,1.15511
1985,0,"children and adolescents","female","white","vehicle",-0.00529617,1.16495
1986,0,"children and adolescents","female","white","vehicle",0.019214,1.17572
1987,0,"children and adolescents","female","white","vehicle",0.00972922,1.18144
1988,0,"children and adolescents","female","white","vehicle",0.0170773,1.17919
1989,0,"children and adolescents","female","white","vehicle",0.0288875,1.16764
1990,0,"children and adolescents","female","white","vehicle",-0.0076696,1.14816
1991,0,"children and adolescents","female","white","vehicle",-0.000792939,1.12676
1992,0,"children and adolescents","female","white","vehicle",-0.0262058,1.10822
1993,0,"children and adolescents","female","white","vehicle",-0.0256514,1.09719
1994,1,"children and adolescents","female","white","vehicle",0.00316108,1.09413
1995,1,"children and adolescents","female","white","vehicle",0.0170463,1.0954
1996,1,"children and adolescents","female","white","vehicle",-0.000188553,1.09786
1997,1,"children and adolescents","female","white","vehicle",0.00365447,1.10109
1998,1,"children and adolescents","female","white","vehicle",-0.019158,1.10466
1999,1,"children and adolescents","female","white","vehicle",0.0232208,1.1087
2000,1,"children and adolescents","female","white","vehicle",0.00477113,1.1103
2001,1,"children and adolescents","female","white","vehicle",-0.0375973,1.11024
2002,0,"children and adolescents","female","white","vehicle",0.0182561,1.11009
2003,0,"children and adolescents","female","white","vehicle",-0.00241053,1.10538
2004,0,"children and adolescents","female","white","vehicle",0.020359,1.09458
2005,0,"children and adolescents","female","white","vehicle",-0.022213,1.07576
2006,0,"children and adolescents","female","white","vehicle",0.0120064,1.05025
2007,0,"children and adolescents","female","white","vehicle",0.0462661,1.01583
2008,0,"children and adolescents","female","white","vehicle",-0.0157098,0.972214
2009,0,"children and adolescents","female","white","vehicle",-0.0211141,0.926492
2010,1,"children and adolescents","female","white","vehicle",-0.0230317,0.883255
2011,1,"children and adolescents","female","white","vehicle",0.00371373,0.843716
2012,1,"children and adolescents","female","white","vehicle",0.00865407,0.805401
2013,1,"children and adolescents","female","white","vehicle",0.0102916,0.766429
2014,1,"children and adolescents","female","white","vehicle",-0.00719685,0.726306
1968,1,"children and adolescents","male","black","assault",-0.037541,1.44367
1969,1,"children and adolescents","male","black","assault",0.00998443,1.4648
1970,0,"children and adolescents","male","black","assault",0.0259218,1.47992
1971,0,"children and adolescents","male","black","assault",0.0171237,1.48463
1972,0,"children and adolescents","male","black","assault",0.00455394,1.47866
1973,0,"children and adolescents","male","black","assault",-0.00855891,1.46449
1974,0,"children and adolescents","male","black","assault",0.0163344,1.44533
1975,0,"children and adolescents","male","black","assault",0.00691815,1.42301
1976,0,"children and adolescents","male","black","assault",-0.0149563,1.40199
1977,0,"children and adolescents","male","black","assault",-0.024801,1.38783
1978,1,"children and adolescents","male","black","assault",-0.0515801,1.38368
1979,1,"children and adolescents","male","black","assault",0.0233965,1.38875
1980,1,"children and adolescents","male","black","assault",0.0361119,1.39398
1981,1,"children and adolescents","male","black","assault",0.0425286,1.39405
1982,0,"children and adolescents","male","black","assault",0.0198502,1.38944
1983,0,"children and adolescents","male","black","assault",-0.0122625,1.38741
1984,0,"children and adolescents","male","black","assault",-0.0581359,1.3984
1985,0,"children and adolescents","male","black","assault",-0.0233519,1.43091
1986,0,"children and adolescents","male","black","assault",-0.0232872,1.48411
1987,0,"children and adolescents","male","black","assault",-0.0112896,1.55344
1988,0,"children and adolescents","male","black","assault",0.00651878,1.63064
1989,0,"children and adolescents","male","black","assault",0.00608989,1.70561
1990,0,"children and adolescents","male","black","assault",0.0256448,1.76931
1991,0,"children and adolescents","male","black","assault",0.0319366,1.81366
1992,0,"children and adolescents","male","black","assault",-0.0127238,1.83471
1993,0,"children and adolescents","male","black","assault",0.0233638,1.8336
1994,1,"children and adolescents","male","black","assault",0.0305688,1.80943
1995,1,"children and adolescents","male","black","assault",-0.00736375,1.76506
1996,1,"children and adolescents","male","black","assault",0.00660047,1.70821
1997,1,"children and adolescents","male","black","assault",0.00118557,1.64545
1998,1,"children and adolescents","male","black","assault",-0.0240602,1.58439
1999,1,"children and adolescents","male","black","assault",-0.0129442,1.53284
2000,1,"children and adolescents","male","black","assault",-0.0173184,1.49475
2001,1,"children and adolescents","male","black","assault",-0.00128284,1.47201
2002,0,"children and adolescents","male","black","assault",-0.0254512,1.46373
2003,0,"children and adolescents","male","black","assault",0.0109359,1.46882
2004,0,"children and adolescents","male","black","assault",-0.0265205,1.48211
2005,0,"children and adolescents","male","black","assault",-0.000207806,1.50019
2006,0,"children and adolescents","male","black","assault",0.0361171,1.51541
2007,0,"children and adolescents","male","black","assault",0.039925,1.52006
2008,0,"children and adolescents","male","black","assault",0.00973777,1.51224
2009,0,"children and adolescents","male","black","assault",-0.0266904,1.49643
2010,1,"children and adolescents","male","black","assault",-0.00470289,1.47865
2011,1,"children and adolescents","male","black","assault",-0.0168137,1.46067
2012,1,"children and adolescents","male","black","assault",0.0217909,1.44351
2013,1,"children and adolescents","male","black","assault",-0.0171643,1.42547
2014,1,"children and adolescents","male","black","assault",0.00586981,1.40838
1968,1,"children and adolescents","male","black","intentional_self_harm",-0.00718756,0.286763
1969,1,"children and adolescents","male","black","intentional_self_harm",-0.014053,0.340418
1970,0,"children and adolescents","male","black","intentional_self_harm",-0.0239548,0.392922
1971,0,"children and adolescents","male","black","intentional_self_harm",0.0034638,0.440878
1972,0,"children and adolescents","male","black","intentional_self_harm",0.107186,0.477054
1973,0,"children and adolescents","male","black","intentional_self_harm",-0.0198185,0.494773
1974,0,"children and adolescents","male","black","intentional_self_harm",-0.0523887,0.504508
1975,0,"children and adolescents","male","black","intentional_self_harm",-0.0203662,0.513561
1976,0,"children and adolescents","male","black","intentional_self_harm",0.0495769,0.52085
1977,0,"children and adolescents","male","black","intentional_self_harm",0.00428687,0.522038
1978,1,"children and adolescents","male","black","intentional_self_harm",-0.0295111,0.520717
1979,1,"children and adolescents","male","black","intentional_self_harm",0.0399561,0.521167
1980,1,"children and adolescents","male","black","intentional_self_harm",-0.0186091,0.522944
1981,1,"children and adolescents","male","black","intentional_self_harm",-0.0558607,0.531999
1982,0,"children and adolescents","male","black","intentional_self_harm",0.0447687,0.551306
1983,0,"children and adolescents","male","black","intentional_self_harm",0.00666555,0.574898
1984,0,"children and adolescents","male","black","intentional_self_harm",-0.0536383,0.603975
1985,0,"children and adolescents","male","black","intentional_self_harm",0.045806,0.640802
1986,0,"children and adolescents","male","black","intentional_self_harm",-0.0291835,0.679059
1987,0,"children and adolescents","male","black","intentional_self_harm",0.0192001,0.71976
1988,0,"children and adolescents","male","black","intentional_self_harm",-0.000728302,0.759247
1989,0,"children and adolescents","male","black","intentional_self_harm",-0.00207982,0.796932
1990,0,"children and adolescents","male","black","intentional_self_harm",-0.0128273,0.832115
1991,0,"children and adolescents","male","black","intentional_self_harm",-0.0188413,0.86376
1992,0,"children and adolescents","male","black","intentional_self_harm",0.0222647,0.888779
1993,0,"children and adolescents","male","black","intentional_self_harm",0.00356758,0.901071
1994,1,"children and adolescents","male","black","intentional_self_harm",0.0586024,0.898096
1995,1,"children and adolescents","male","black","intentional_self_harm",-0.00265811,0.877884
1996,1,"children and adolescents","male","black","intentional_self_harm",-0.0325291,0.847843
1997,1,"children and adolescents","male","black","intentional_self_harm",-0.00396634,0.814956
1998,1,"children and adolescents","male","black","intentional_self_harm",-0.0115452,0.780999
1999,1,"children and adolescents","male","black","intentional_self_harm",0.00515238,0.747117
2000,1,"children and adolescents","male","black","intentional_self_harm",0.0512327,0.712603
2001,1,"children and adolescents","male","black","intentional_self_harm",-0.026211,0.677579
2002,0,"children and adolescents","male","black","intentional_self_harm",-0.0355066,0.650362
2003,0,"children and adolescents","male","black","intentional_self_harm",-0.0180373,0.635074
2004,0,"children and adolescents","male","black","intentional_self_harm",0.0140918,0.63016
2005,0,"children and adolescents","male","black","intentional_self_harm",0.00605364,0.631174
2006,0,"children and adolescents","male","black","intentional_self_harm",-0.000857866,0.635928
2007,0,"children and adolescents","male","black","intentional_self_harm",-0.0240956,0.643203
2008,0,"children and adolescents","male","black","intentional_self_harm",0.0478221,0.651639
2009,0,"children and adolescents","male","black","intentional_self_harm",-0.00222849,0.656025
2010,1,"children and adolescents","male","black","intentional_self_harm",-0.0155586,0.6588
2011,1,"children and adolescents","male","black","intentional_self_harm",0.00459751,0.662045
2012,1,"children and adolescents","male","black","intentional_self_harm",-0.00623497,0.665353
2013,1,"children and adolescents","male","black","intentional_self_harm",0.00591747,0.669053
2014,1,"children and adolescents","male","black","intentional_self_harm",-0.00173494,0.672475
1968,1,"children and adolescents","male","black","vehicle",-0.00153019,1.46875
1969,1,"children and adolescents","male","black","vehicle",-0.00374169,1.44281
1970,0,"children and adolescents","male","black","vehicle",0.00269897,1.41663
1971,0,"children and adolescents","male","black","vehicle",-0.00649737,1.38936
1972,0,"children and adolescents","male","black","vehicle",0.0295742,1.36059
1973,0,"children and adolescents","male","black","vehicle",0.0155996,1.32887
1974,0,"children and adolescents","male","black","vehicle",-0.0150618,1.29748
1975,0,"children and adolescents","male","black","vehicle",-0.0556304,1.27219
1976,0,"children and adolescents","male","black","vehicle",-0.0126562,1.25638
1977,0,"children and adolescents","male","black","vehicle",0.0416857,1.2445
1978,1,"children and adolescents","male","black","vehicle",0.02208,1.22901
1979,1,"children and adolescents","male","black","vehicle",0.00254268,1.209
1980,1,"children and adolescents","male","black","vehicle",0.02934,1.18713
1981,1,"children and adolescents","male","black","vehicle",-0.0264322,1.16644
1982,0,"children and adolescents","male","black","vehicle",-0.0150921,1.15468
1983,0,"children and adolescents","male","black","vehicle",-0.0356157,1.15536
1984,0,"children and adolescents","male","black","vehicle",-0.0116233,1.16958
1985,0,"children and adolescents","male","black","vehicle",-0.00223854,1.19275
1986,0,"children and adolescents","male","black","vehicle",0.0186745,1.21841
1987,0,"children and adolescents","male","black","vehicle",0.0188125,1.23974
1988,0,"children and adolescents","male","black","vehicle",0.0318693,1.25292
1989,0,"children and adolescents","male","black","vehicle",-0.0222292,1.25712
1990,0,"children and adolescents","male","black","vehicle",0.00683755,1.25664
1991,0,"children and adolescents","male","black","vehicle",0.0184223,1.25218
1992,0,"children and adolescents","male","black","vehicle",-0.0315826,1.24558
1993,0,"children and adolescents","male","black","vehicle",-0.0144585,1.24159
1994,1,"children and adolescents","male","black","vehicle",0.00427485,1.23993
1995,1,"children and adolescents","male","black","vehicle",0.012986,1.23801
1996,1,"children and adolescents","male","black","vehicle",-0.00547638,1.23389
1997,1,"children and adolescents","male","black","vehicle",0.0159676,1.22776
1998,1,"children and adolescents","male","black","vehicle",-0.0107345,1.21888
1999,1,"children and adolescents","male","black","vehicle",0.00245555,1.2091
2000,1,"children and adolescents","male","black","vehicle",-0.0166129,1.19855
2001,1,"children and adolescents","male","black","vehicle",0.0295506,1.18773
2002,0,"children and adolescents","male","black","vehicle",-0.013293,1.17451
2003,0,"children and adolescents","male","black","vehicle",-0.0215491,1.16147
2004,0,"children and adolescents","male","black","vehicle",-0.00775058,1.14906
2005,0,"children and adolescents","male","black","vehicle",0.020186,1.13431
2006,0,"children and adolescents","male","black","vehicle",0.0117525,1.11297
2007,0,"children and adolescents","male","black","vehicle",0.0377242,1.08406
2008,0,"children and adolescents","male","black","vehicle",-0.00472896,1.04844
2009,0,"children and adolescents","male","black","vehicle",-0.028258,1.01305
2010,1,"children and adolescents","male","black","vehicle",0.00454092,0.984028
2011,1,"children and adolescents","male","black","vehicle",-0.0110421,0.963024
2012,1,"children and adolescents","male","black","vehicle",-0.0380103,0.952401
2013,1,"children and adolescents","male","black","vehicle",-8.04233e-005,0.952757
2014,1,"children and adolescents","male","black","vehicle",0.0343505,0.958609
1968,1,"children and adolescents","male","white","assault",0.0268558,0.362675
1969,1,"children and adolescents","male","white","assault",-0.0260952,0.397096
1970,0,"children and adolescents","male","white","assault",-0.00796995,0.435815
1971,0,"children and adolescents","male","white","assault",-0.0256941,0.478951
1972,0,"children and adolescents","male","white","assault",0.00779338,0.525353
1973,0,"children and adolescents","male","white","assault",0.0177669,0.569755
1974,0,"children and adolescents","male","white","assault",0.0272917,0.608141
1975,0,"children and adolescents","male","white","assault",0.00759173,0.639334
1976,0,"children and adolescents","male","white","assault",-0.0369751,0.666527
1977,0,"children and adolescents","male","white","assault",-0.0253925,0.694127
1978,1,"children and adolescents","male","white","assault",-0.0188417,0.720623
1979,1,"children and adolescents","male","white","assault",0.0368196,0.740443
1980,1,"children and adolescents","male","white","assault",0.0563582,0.745001
1981,1,"children and adolescents","male","white","assault",0.0209671,0.7316
1982,0,"children and adolescents","male","white","assault",0.00343314,0.706561
1983,0,"children and adolescents","male","white","assault",-0.03742,0.679562
1984,0,"children and adolescents","male","white","assault",-0.0236781,0.660827
1985,0,"children and adolescents","male","white","assault",-0.0109209,0.654594
1986,0,"children and adolescents","male","white","assault",0.042501,0.661313
1987,0,"children and adolescents","male","white","assault",-0.0487466,0.679687
1988,0,"children and adolescents","male","white","assault",-0.0423759,0.715218
1989,0,"children and adolescents","male","white","assault",-0.0275178,0.765609
1990,0,"children and adolescents","male","white","assault",0.0313596,0.821784
1991,0,"children and adolescents","male","white","assault",0.0307832,0.870261
1992,0,"children and adolescents","male","white","assault",0.0129338,0.90258
1993,0,"children and adolescents","male","white","assault",-0.00774658,0.915203
1994,1,"children and adolescents","male","white","assault",0.003962,0.906661
1995,1,"children and adolescents","male","white","assault",0.0263647,0.874249
1996,1,"children and adolescents","male","white","assault",0.0078288,0.815893
1997,1,"children and adolescents","male","white","assault",0.0481119,0.733738
1998,1,"children and adolescents","male","white","assault",0.11699,0.631182
1999,1,"children and adolescents","male","white","assault",-0.120943,0.519321
2000,1,"children and adolescents","male","white","assault",-0.103749,0.427968
2001,1,"children and adolescents","male","white","assault",-0.0162354,0.367587
2002,0,"children and adolescents","male","white","assault",0.0163728,0.332041
2003,0,"children and adolescents","male","white","assault",0.0105119,0.312596
2004,0,"children and adolescents","male","white","assault",-0.0049294,0.303136
2005,0,"children and adolescents","male","white","assault",0.00250169,0.299229
2006,0,"children and adolescents","male","white","assault",0.0164583,0.295653
2007,0,"children and adolescents","male","white","assault",-0.00593631,0.287588
2008,0,"children and adolescents","male","white","assault",0.0555093,0.272844
2009,0,"children and adolescents","male","white","assault",0.00782729,0.248284
2010,1,"children and adolescents","male","white","assault",-0.0603255,0.219652
2011,1,"children and adolescents","male","white","assault",0.0242398,0.193944
2012,1,"children and adolescents","male","white","assault",-0.0110282,0.168503
2013,1,"children and adolescents","male","white","assault",-0.0025356,0.144553
2014,1,"children and adolescents","male","white","assault",0.00592421,0.12155
1968,1,"children and adolescents","male","white","intentional_self_harm",0.00100656,0.646475
1969,1,"children and adolescents","male","white","intentional_self_harm",-0.00168627,0.676411
1970,0,"children and adolescents","male","white","intentional_self_harm",-0.0041661,0.706507
1971,0,"children and adolescents","male","white","intentional_self_harm",0.00228329,0.736656
1972,0,"children and adolescents","male","white","intentional_self_harm",0.000675586,0.766081
1973,0,"children and adolescents","male","white","intentional_self_harm",-0.000714294,0.794374
1974,0,"children and adolescents","male","white","intentional_self_harm",-0.000912087,0.821232
1975,0,"children and adolescents","male","white","intentional_self_harm",0.0125418,0.846238
1976,0,"children and adolescents","male","white","intentional_self_harm",-0.041483,0.868832
1977,0,"children and adolescents","male","white","intentional_self_harm",0.0511029,0.890456
1978,1,"children and adolescents","male","white","intentional_self_harm",-0.0120028,0.905919
1979,1,"children and adolescents","male","white","intentional_self_harm",-0.0020177,0.918205
1980,1,"children and adolescents","male","white","intentional_self_harm",0.0114351,0.928376
1981,1,"children and adolescents","male","white","intentional_self_harm",-0.00711448,0.937173
1982,0,"children and adolescents","male","white","intentional_self_harm",0.00276461,0.947166
1983,0,"children and adolescents","male","white","intentional_self_harm",-0.0242794,0.959787
1984,0,"children and adolescents","male","white","intentional_self_harm",-0.0156661,0.97691
1985,0,"children and adolescents","male","white","intentional_self_harm",0.0111429,0.996524
1986,0,"children and adolescents","male","white","intentional_self_harm",0.017369,1.01411
1987,0,"children and adolescents","male","white","intentional_self_harm",-0.00721777,1.02694
1988,0,"children and adolescents","male","white","intentional_self_harm",0.012615,1.03505
1989,0,"children and adolescents","male","white","intentional_self_harm",0.000404879,1.03734
1990,0,"children and adolescents","male","white","intentional_self_harm",0.00661947,1.03471
1991,0,"children and adolescents","male","white","intentional_self_harm",-0.00272315,1.02814
1992,0,"children and adolescents","male","white","intentional_self_harm",-0.0126911,1.01965
1993,0,"children and adolescents","male","white","intentional_self_harm",-0.00727833,1.01085
1994,1,"children and adolescents","male","white","intentional_self_harm",0.00757815,1.00129
1995,1,"children and adolescents","male","white","intentional_self_harm",0.0222569,0.989394
1996,1,"children and adolescents","male","white","intentional_self_harm",-0.0145929,0.974759
1997,1,"children and adolescents","male","white","intentional_self_harm",-0.00186962,0.960564
1998,1,"children and adolescents","male","white","intentional_self_harm",-0.0017853,0.94765
1999,1,"children and adolescents","male","white","intentional_self_harm",-0.0155594,0.936557
2000,1,"children and adolescents","male","white","intentional_self_harm",0.00935058,0.92754
2001,1,"children and adolescents","male","white","intentional_self_harm",0.0171223,0.918367
2002,0,"children and adolescents","male","white","intentional_self_harm",-0.00142297,0.908298
2003,0,"children and adolescents","male","white","intentional_self_harm",-0.0228329,0.899334
2004,0,"children and adolescents","male","white","intentional_self_harm",0.0122901,0.893251
2005,0,"children and adolescents","male","white","intentional_self_harm",0.0221067,0.888167
2006,0,"children and adolescents","male","white","intentional_self_harm",-0.00255498,0.884171
2007,0,"children and adolescents","male","white","intentional_self_harm",-0.0342307,0.884886
2008,0,"children and adolescents","male","white","intentional_self_harm",0.00139828,0.893527
2009,0,"children and adolescents","male","white","intentional_self_harm",1.39567e-005,0.907833
2010,1,"children and adolescents","male","white","intentional_self_harm",-0.00541634,0.925765
2011,1,"children and adolescents","male","white","intentional_self_harm",0.0247159,0.945289
2012,1,"children and adolescents","male","white","intentional_self_harm",-0.00256973,0.963501
2013,1,"children and adolescents","male","white","intentional_self_harm",-0.00639283,0.981454
2014,1,"children and adolescents","male","white","intentional_self_harm",0.00238638,0.999788
1968,1,"children and adolescents","male","white","vehicle",-0.00373889,1.58843
1969,1,"children and adolescents","male","white","vehicle",0.00840223,1.59024
1970,0,"children and adolescents","male","white","vehicle",-0.00967177,1.59146
1971,0,"children and adolescents","male","white","vehicle",-0.0073925,1.59283
1972,0,"children and adolescents","male","white","vehicle",0.0189034,1.59354
1973,0,"children and adolescents","male","white","vehicle",0.0237368,1.59162
1974,0,"children and adolescents","male","white","vehicle",-0.016827,1.5881
1975,0,"children and adolescents","male","white","vehicle",-0.0312044,1.58782
1976,0,"children and adolescents","male","white","vehicle",-0.0125057,1.59293
1977,0,"children and adolescents","male","white","vehicle",-0.00785017,1.60057
1978,1,"children and adolescents","male","white","vehicle",0.023338,1.60591
1979,1,"children and adolescents","male","white","vehicle",0.0307891,1.60284
1980,1,"children and adolescents","male","white","vehicle",0.0267269,1.58899
1981,1,"children and adolescents","male","white","vehicle",-0.000109271,1.56692
1982,0,"children and adolescents","male","white","vehicle",-0.0218864,1.54345
1983,0,"children and adolescents","male","white","vehicle",-0.0333143,1.52541
1984,0,"children and adolescents","male","white","vehicle",-0.0122247,1.51611
1985,0,"children and adolescents","male","white","vehicle",-0.0257961,1.51353
1986,0,"children and adolescents","male","white","vehicle",0.028569,1.51369
1987,0,"children and adolescents","male","white","vehicle",0.0195519,1.50851
1988,0,"children and adolescents","male","white","vehicle",0.0243077,1.49445
1989,0,"children and adolescents","male","white","vehicle",0.00221946,1.47111
1990,0,"children and adolescents","male","white","vehicle",0.0110047,1.44197
1991,0,"children and adolescents","male","white","vehicle",-0.00745213,1.41089
1992,0,"children and adolescents","male","white","vehicle",-0.039723,1.38346
1993,0,"children and adolescents","male","white","vehicle",-0.00258901,1.36411
1994,1,"children and adolescents","male","white","vehicle",0.0147606,1.35088
1995,1,"children and adolescents","male","white","vehicle",-0.00217605,1.34141
1996,1,"children and adolescents","male","white","vehicle",0.0137872,1.33572
1997,1,"children and adolescents","male","white","vehicle",-0.0168648,1.33345
1998,1,"children and adolescents","male","white","vehicle",-0.0260487,1.33647
1999,1,"children and adolescents","male","white","vehicle",0.0125432,1.34395
2000,1,"children and adolescents","male","white","vehicle",0.0113787,1.35087
2001,1,"children and adolescents","male","white","vehicle",-0.00663551,1.35424
2002,0,"children and adolescents","male","white","vehicle",0.0149908,1.35289
2003,0,"children and adolescents","male","white","vehicle",-0.00225286,1.34457
2004,0,"children and adolescents","male","white","vehicle",0.00462579,1.32945
2005,0,"children and adolescents","male","white","vehicle",-0.00984945,1.30731
2006,0,"children and adolescents","male","white","vehicle",0.0042927,1.27872
2007,0,"children and adolescents","male","white","vehicle",0.0416457,1.24262
2008,0,"children and adolescents","male","white","vehicle",0.0032696,1.19866
2009,0,"children and adolescents","male","white","vehicle",-0.0354818,1.15317
2010,1,"children and adolescents","male","white","vehicle",-0.0173682,1.11298
2011,1,"children and adolescents","male","white","vehicle",0.00482364,1.07924
2012,1,"children and adolescents","male","white","vehicle",0.00271087,1.05034
2013,1,"children and adolescents","male","white","vehicle",-0.0197786,1.02544
2014,1,"children and adolescents","male","white","vehicle",0.0223634,1.00411
